﻿Designator,Footprint,Quantity,Value,LCSC Part #
"+VCC, -VCC",PinHeader_1x01_P2.54mm_Vertical,2,J1,
C1,0603,1,10nF,
"C10, C5, C6, C8",0603,4,0.1u,
"C11, C7, C9",0603,3,0.01u,
"C2, C3",1206,2,100nF,
C4,0603,1,.01u,
CHUA_OUT,PinHeader_1x01_P2.54mm_Vertical,1,Male_Header_1x1,
GND,PinHeader_1x01_P2.54mm_Vertical,1,TP4,
OPA1,SOIC127P600X175-14N,1,TL084,
OPA2,SOIC127P600X175-8N,1,TL082,
"R1, R2",0603,2,220,
R3,0603,1,2.2K,
"R4, R5",0603,2,22K,
R6,0603,1,3.3K,
R7,0603,1,100,
"R8, R9",0603,2,1K,
"RV1, RV2",PinHeader_1x03_P2.54mm_Vertical,2,5K,
X,PinHeader_1x01_P2.54mm_Vertical,1,TP3,
Y,PinHeader_1x01_P2.54mm_Vertical,1,TP2,
Z,PinHeader_1x01_P2.54mm_Vertical,1,TP1,
